start,stop,lines,local_seed
110,111,1059,1
110,111,1059,2
110,111,1059,6
110,111,1073,23022101000001
111,112,292,1
111,112,292,2
111,112,292,6
111,112,292,23022101000001
115,116,2,1
115,116,2,2
115,116,2,6
115,116,2,23022101000001
120,121,2,1
120,121,2,2
120,121,24,6
120,121,2,23022101000001
121,122,205,1
121,122,225,2
121,122,223,6
121,122,225,23022101000001
122,123,296,1
122,123,300,2
122,123,296,6
122,123,300,23022101000001
124,125,2781,1
124,125,2688,2
124,125,2818,6
124,125,2733,23022101000001
128,129,32,1
128,129,56,2
128,129,26,6
128,129,49,23022101000001
134,135,4,1
134,135,4,2
134,135,8,6
134,135,8,23022101000001
136,137,22,1
136,137,38,2
136,137,23,6
136,137,19,23022101000001
141,142,4,1
141,142,10,2
141,142,2,6
141,142,2,23022101000001
143,144,8,1
143,144,2,2
143,144,2,6
143,144,2,23022101000001
147,148,16,1
147,148,32,2
147,148,12,6
147,148,24,23022101000001
149,150,2582,1
149,150,2491,2
149,150,2682,6
149,150,2626,23022101000001
150,151,1043,1
150,151,1161,2
150,151,1069,6
150,151,1197,23022101000001
156,157,86,1
156,157,45,2
156,157,99,6
156,157,45,23022101000001
159,160,80,1
159,160,48,2
159,160,80,6
159,160,48,23022101000001
161,162,2664,1
161,162,2608,2
161,162,2735,6
161,162,2722,23022101000001
162,163,2759,1
162,163,2675,2
162,163,2840,6
162,163,2779,23022101000001
163,164,121,1
163,164,78,2
163,164,95,6
163,164,63,23022101000001
166,167,393,1
166,167,412,2
166,167,404,6
166,167,425,23022101000001
167,168,391,1
167,168,410,2
167,168,403,6
167,168,424,23022101000001
170,171,234,1
170,171,132,2
170,171,232,6
170,171,135,23022101000001
171,172,80,1
171,172,48,2
171,172,80,6
171,172,48,23022101000001
173,174,1543,1
173,174,1573,2
173,174,1536,6
173,174,1575,23022101000001
177,178,95,1
177,178,57,2
177,178,98,6
177,178,57,23022101000001
178,179,106,1
178,179,58,2
178,179,92,6
178,179,60,23022101000001
179,180,911,1
179,180,897,2
179,180,924,6
179,180,913,23022101000001
181,182,1269,1
181,182,540,2
181,182,1302,6
181,182,634,23022101000001
182,183,12,1
182,183,24,2
182,183,4,6
182,183,23,23022101000001
188,189,10,1
188,189,13,2
188,189,4,6
188,189,21,23022101000001
190,191,1420,1
190,191,89,2
190,191,1577,6
190,191,666,23022101000001
191,192,31,1
191,192,28,2
191,192,41,6
191,192,42,23022101000001
194,195,682,1
194,195,364,2
194,195,372,6
194,195,671,23022101000001
